,강수량(mm),winloss_home,winloss_away,winrate_home,winrate_away,date,holiday_x,temp_x,adjusted_spec,day_sin,day_cos,두산,SSG,키움,LG,KIA,한화,롯데,삼성,NC,KT,weather_x_맑음,weather_x_구름조금,weather_x_구름많음,weather_x_흐림,weather_x_비,stadium_x_광주-기아 챔피언스 필드,stadium_x_대구 삼성 라이온즈 파크,stadium_x_대전 한화생명 이글스파크,stadium_x_부산 사직 야구장,stadium_x_서울 잠실 야구장,stadium_x_서울고척스카이돔,stadium_x_수원케이티위즈파크,stadium_x_울산문수야구장,stadium_x_인천SSG 랜더스필드,stadium_x_창원NC파크,stadium_x_마산,stadium_x_청주야구장,stadium_x_포항야구장
0,0.0,-8,15,0.444,0.6,2024-06-25,0,23.2,0.8131914893617022,0.9749279121818236,-0.22252093395631434,0,0,0,0,1,0,1,0,0,0,0,0,0,1,0,0,0,0,1,0,0,0,0,0,0,0,0,0
1,0.0,1,-11,0.507,0.427,2024-06-25,0,22.3,0.4186521739130435,0.9749279121818236,-0.22252093395631434,0,1,0,0,0,0,0,0,0,1,0,1,0,0,0,0,0,0,0,0,0,0,0,1,0,0,0,0
2,0.0,-16,0,0.392,0.5,2024-06-25,0,22.9,0.3034705882352941,0.9749279121818236,-0.22252093395631434,0,0,1,0,0,0,0,0,1,0,0,1,0,0,0,0,0,0,0,0,1,0,0,0,0,0,0,0
3,0.0,-7,7,0.452,0.545,2024-06-25,0,22.9,0.8889230769230769,0.9749279121818236,-0.22252093395631434,1,0,0,0,0,1,0,0,0,0,0,0,1,0,0,0,0,1,0,0,0,0,0,0,0,0,0,0
4,0.0,8,11,0.553,0.573,2024-06-25,0,22.9,0.87956,0.9749279121818236,-0.22252093395631434,0,0,0,1,0,0,0,1,0,0,0,1,0,0,0,0,0,0,0,1,0,0,0,0,0,0,0,0
5,0.0,-8,15,0.444,0.6,2024-06-26,0,23.5,0.8406382978723405,0.43388373911755823,-0.900968867902419,0,0,0,0,1,0,1,0,0,0,0,0,1,0,0,0,0,0,1,0,0,0,0,0,0,0,0,0
6,0.0,0,-10,0.5,0.434,2024-06-26,0,23.8,0.4447391304347826,0.43388373911755823,-0.900968867902419,0,1,0,0,0,0,0,0,0,1,1,0,0,0,0,0,0,0,0,0,0,0,0,1,0,0,0,0
7,0.0,-15,-1,0.4,0.493,2024-06-26,0,24.9,0.2763529411764706,0.43388373911755823,-0.900968867902419,0,0,1,0,0,0,0,0,1,0,1,0,0,0,0,0,0,0,0,0,1,0,0,0,0,0,0,0
8,0.0,-6,6,0.459,0.538,2024-06-26,0,24.3,0.8895384615384615,0.43388373911755823,-0.900968867902419,1,0,0,0,0,1,0,0,0,0,0,1,0,0,0,0,0,1,0,0,0,0,0,0,0,0,0,0
9,0.0,9,10,0.558,0.566,2024-06-26,0,24.9,0.93124,0.43388373911755823,-0.900968867902419,0,0,0,1,0,0,0,1,0,0,1,0,0,0,0,0,0,0,0,1,0,0,0,0,0,0,0,0
10,1.5,-7,14,0.452,0.592,2024-06-27,0,21.8,0.547531914893617,-0.433883739117558,-0.9009688679024191,0,0,0,0,1,0,1,0,0,0,0,0,0,1,0,0,0,0,1,0,0,0,0,0,0,0,0,0
11,0.0,1,-11,0.506,0.429,2024-06-27,0,24.3,0.46452173913043476,-0.433883739117558,-0.9009688679024191,0,1,0,0,0,0,0,0,0,1,0,1,0,0,0,0,0,0,0,0,0,0,0,1,0,0,0,0
12,0.0,-14,-2,0.408,0.487,2024-06-27,0,26.3,0.278,-0.433883739117558,-0.9009688679024191,0,0,1,0,0,0,0,0,1,0,0,1,0,0,0,0,0,0,0,0,1,0,0,0,0,0,0,0
13,0.0,-7,7,0.453,0.544,2024-06-27,0,23.7,0.856,-0.433883739117558,-0.9009688679024191,1,0,0,0,0,1,0,0,0,0,0,0,1,0,0,0,0,1,0,0,0,0,0,0,0,0,0,0
14,0.0,10,9,0.564,0.558,2024-06-27,0,26.3,0.88456,-0.433883739117558,-0.9009688679024191,0,0,0,1,0,0,0,1,0,0,0,1,0,0,0,0,0,0,0,1,0,0,0,0,0,0,0,0
15,1.4,-6,-6,0.459,0.461,2024-06-28,0,23.5,0.9684255319148937,-0.9749279121818236,-0.2225209339563146,0,0,0,0,0,1,1,0,0,0,0,1,0,0,0,0,0,0,1,0,0,0,0,0,0,0,0,0
16,0.0,-3,9,0.481,0.557,2024-06-28,0,24.1,0.613909090909091,-0.9749279121818236,-0.2225209339563146,0,0,0,1,0,0,0,0,1,0,0,1,0,0,0,0,0,0,0,0,0,0,0,0,1,0,0,0
17,0.0,6,0,0.538,0.5,2024-06-28,0,26.6,0.69468,-0.9749279121818236,-0.2225209339563146,1,1,0,0,0,0,0,0,0,0,1,0,0,0,0,0,0,0,0,1,0,0,0,0,0,0,0,0
18,0.0,-10,10,0.436,0.564,2024-06-28,0,24.4,0.7339,-0.9749279121818236,-0.2225209339563146,0,0,0,0,0,0,0,1,0,1,1,0,0,0,0,0,0,0,0,0,0,1,0,0,0,0,0,0
19,0.0,13,-13,0.584,0.416,2024-06-28,0,25.0,0.9073658536585366,-0.9749279121818236,-0.2225209339563146,0,0,1,0,1,0,0,0,0,0,0,1,0,0,0,1,0,0,0,0,0,0,0,0,0,0,0,0
20,38.3,7,-1,0.543,0.494,2024-06-29,1,26.7,0.8008,-0.7818314824680299,0.6234898018587334,1,1,0,0,0,0,0,0,0,0,0,0,1,0,0,0,0,0,0,1,0,0,0,0,0,0,0,0
21,38.3,-2,8,0.487,0.55,2024-06-30,1,24.3,0.31777272727272726,-2.4492935982947064e-16,1.0,0,0,0,1,0,0,0,0,1,0,0,0,0,1,0,0,0,0,0,0,0,0,0,0,1,0,0,0
22,32.2,6,0,0.537,0.5,2024-06-30,1,23.5,0.5594,-2.4492935982947064e-16,1.0,1,1,0,0,0,0,0,0,0,0,0,0,0,1,0,0,0,0,0,1,0,0,0,0,0,0,0,0
23,17.3,-9,9,0.443,0.557,2024-06-30,1,23.4,0.41785,-2.4492935982947064e-16,1.0,0,0,0,0,0,0,0,1,0,1,0,0,0,1,0,0,0,0,0,0,0,1,0,0,0,0,0,0
24,17.3,-9,9,0.443,0.557,2024-06-30,1,23.4,0.61265,-2.4492935982947064e-16,1.0,0,0,0,0,0,0,0,1,0,1,0,0,0,1,0,0,0,0,0,0,0,1,0,0,0,0,0,0
25,22.1,8,12,0.55,0.577,2024-07-02,0,25.2,0.55125,0.9749279121818236,-0.22252093395631434,0,0,0,0,1,0,0,1,0,0,0,0,0,1,0,0,1,0,0,0,0,0,0,0,0,0,0,0
26,57.0,-7,-8,0.455,0.45,2024-07-02,0,24.0,0.5226153846153846,0.9749279121818236,-0.22252093395631434,0,0,0,0,0,1,0,0,0,1,0,0,0,1,0,0,0,1,0,0,0,0,0,0,0,0,0,0
27,65.1,-12,9,0.423,0.556,2024-07-02,0,23.2,0.5991176470588235,0.9749279121818236,-0.22252093395631434,0,0,1,1,0,0,0,0,0,0,0,0,0,1,0,0,0,0,0,0,1,0,0,0,0,0,0,0
28,12.4,7,13,0.543,0.582,2024-07-03,0,28.9,0.728,0.43388373911755823,-0.900968867902419,0,0,0,0,1,0,0,1,0,0,0,0,1,0,0,0,1,0,0,0,0,0,0,0,0,0,0,0
29,31.9,-8,-7,0.449,0.457,2024-07-03,0,25.7,0.693,0.43388373911755823,-0.900968867902419,0,0,0,0,0,1,0,0,0,1,0,0,1,0,0,0,0,1,0,0,0,0,0,0,0,0,0,0
30,0.8,-11,8,0.43,0.549,2024-07-03,0,24.7,0.655,0.43388373911755823,-0.900968867902419,0,0,1,1,0,0,0,0,0,0,0,0,0,1,0,0,0,0,0,0,1,0,0,0,0,0,0,0
31,0.8,5,-5,0.53,0.467,2024-07-03,0,24.7,0.78908,0.43388373911755823,-0.900968867902419,1,0,0,0,0,0,1,0,0,0,0,0,0,1,0,0,0,0,0,1,0,0,0,0,0,0,0,0
32,6.8,-3,1,0.481,0.506,2024-07-03,0,26.3,0.2901818181818182,0.43388373911755823,-0.900968867902419,0,1,0,0,0,0,0,0,1,0,0,0,1,0,0,0,0,0,0,0,0,0,0,0,1,0,0,0
33,0.0,6,14,0.537,0.588,2024-07-04,0,29.0,0.7122083333333333,-0.433883739117558,-0.9009688679024191,0,0,0,0,1,0,0,1,0,0,0,1,0,0,0,0,1,0,0,0,0,0,0,0,0,0,0,0
34,0.0,-9,-6,0.443,0.463,2024-07-04,0,28.1,0.6407692307692308,-0.433883739117558,-0.9009688679024191,0,0,0,0,0,1,0,0,0,1,0,1,0,0,0,0,0,1,0,0,0,0,0,0,0,0,0,0
35,3.6,-10,7,0.438,0.542,2024-07-04,0,26.8,0.7540588235294118,-0.433883739117558,-0.9009688679024191,0,0,1,1,0,0,0,0,0,0,0,0,0,1,0,0,0,0,0,0,1,0,0,0,0,0,0,0
36,3.6,6,-6,0.536,0.461,2024-07-04,0,26.8,0.77488,-0.433883739117558,-0.9009688679024191,1,0,0,0,0,0,1,0,0,0,0,0,0,1,0,0,0,0,0,1,0,0,0,0,0,0,0,0
37,0.0,-2,0,0.488,0.5,2024-07-04,0,26.9,0.2994090909090909,-0.433883739117558,-0.9009688679024191,0,1,0,0,0,0,0,0,1,0,0,0,1,0,0,0,0,0,0,0,0,0,0,0,1,0,0,0
38,0.3,-11,-8,0.432,0.45,2024-07-09,0,24.5,0.881235294117647,0.9749279121818236,-0.22252093395631434,0,0,1,0,0,1,0,0,0,0,0,0,0,1,0,0,0,0,0,0,1,0,0,0,0,0,0,0
39,0.3,8,15,0.548,0.593,2024-07-09,0,24.5,0.88152,0.9749279121818236,-0.22252093395631434,0,0,0,1,1,0,0,0,0,0,0,0,0,1,0,0,0,0,0,1,0,0,0,0,0,0,0,0
40,0.5,-1,-7,0.494,0.455,2024-07-09,0,23.2,0.437,0.9749279121818236,-0.22252093395631434,0,1,0,0,0,0,1,0,0,0,0,0,0,1,0,0,0,0,0,0,0,0,0,1,0,0,0,0
41,1.4,-10,-9,0.439,0.444,2024-07-10,0,26.6,0.888,0.43388373911755823,-0.900968867902419,0,0,1,0,0,1,0,0,0,0,0,0,1,0,0,0,0,0,0,0,1,0,0,0,0,0,0,0
42,1.4,7,16,0.541,0.598,2024-07-10,0,26.6,0.95,0.43388373911755823,-0.900968867902419,0,0,0,1,1,0,0,0,0,0,0,0,1,0,0,0,0,0,0,1,0,0,0,0,0,0,0,0
43,0.6,0,-8,0.5,0.449,2024-07-10,0,26.0,0.6252608695652174,0.43388373911755823,-0.900968867902419,0,1,0,0,0,0,1,0,0,0,0,1,0,0,0,0,0,0,0,0,0,0,0,1,0,0,0,0
44,65.7,5,-1,0.53,0.494,2024-07-10,0,23.9,0.521125,0.43388373911755823,-0.900968867902419,0,0,0,0,0,0,0,1,1,0,0,0,0,1,0,0,1,0,0,0,0,0,0,0,0,0,0,0
45,14.0,-7,7,0.458,0.541,2024-07-10,0,25.9,0.40395,0.43388373911755823,-0.900968867902419,1,0,0,0,0,0,0,0,0,1,0,0,1,0,0,0,0,0,0,0,0,1,0,0,0,0,0,0
46,0.0,-11,-8,0.434,0.451,2024-07-11,0,25.7,0.8944117647058824,-0.433883739117558,-0.9009688679024191,0,0,1,0,0,1,0,0,0,0,0,1,0,0,0,0,0,0,0,0,1,0,0,0,0,0,0,0
47,0.0,6,17,0.535,0.602,2024-07-11,0,25.7,0.95,-0.433883739117558,-0.9009688679024191,0,0,0,1,1,0,0,0,0,0,0,1,0,0,0,0,0,0,0,1,0,0,0,0,0,0,0,0
48,0.0,-1,-7,0.494,0.456,2024-07-11,0,23.2,0.6887826086956522,-0.433883739117558,-0.9009688679024191,0,1,0,0,0,0,1,0,0,0,0,0,1,0,0,0,0,0,0,0,0,0,0,1,0,0,0,0
49,24.0,6,-2,0.536,0.488,2024-07-11,0,24.6,0.628125,-0.433883739117558,-0.9009688679024191,0,0,0,0,0,0,0,1,1,0,0,0,1,0,0,0,1,0,0,0,0,0,0,0,0,0,0,0
50,0.0,-6,6,0.464,0.535,2024-07-11,0,23.9,0.5091,-0.433883739117558,-0.9009688679024191,1,0,0,0,0,0,0,0,0,1,0,0,1,0,0,0,0,0,0,0,0,1,0,0,0,0,0,0
51,0.1,-8,-7,0.45,0.459,2024-07-12,0,24.1,0.9168085106382978,-0.9749279121818236,-0.2225209339563146,0,0,0,0,0,0,1,0,0,1,0,0,1,0,0,0,0,0,1,0,0,0,0,0,0,0,0,0
52,0.0,-9,5,0.446,0.529,2024-07-12,0,26.0,0.9230769230769231,-0.9749279121818236,-0.2225209339563146,0,0,0,1,0,1,0,0,0,0,0,0,1,0,0,0,0,1,0,0,0,0,0,0,0,0,0,0
53,0.0,18,0,0.607,0.5,2024-07-12,0,25.5,0.8660975609756097,-0.9749279121818236,-0.2225209339563146,0,1,0,0,1,0,0,0,0,0,0,0,1,0,0,1,0,0,0,0,0,0,0,0,0,0,0,0
54,0.0,7,7,0.54,0.541,2024-07-12,0,25.6,0.89116,-0.9749279121818236,-0.2225209339563146,1,0,0,0,0,0,0,1,0,0,0,1,0,0,0,0,0,0,0,1,0,0,0,0,0,0,0,0
55,0.0,-3,-10,0.482,0.44,2024-07-12,0,25.4,0.38995454545454544,-0.9749279121818236,-0.2225209339563146,0,0,1,0,0,0,0,0,1,0,0,1,0,0,0,0,0,0,0,0,0,0,0,0,1,0,0,0
56,0.5,-9,-6,0.444,0.465,2024-07-13,1,24.5,0.9684255319148937,-0.7818314824680299,0.6234898018587334,0,0,0,0,0,0,1,0,0,1,0,0,1,0,0,0,0,0,1,0,0,0,0,0,0,0,0,0
57,4.9,-8,4,0.452,0.523,2024-07-13,1,26.3,0.9230769230769231,-0.7818314824680299,0.6234898018587334,0,0,0,1,0,1,0,0,0,0,0,1,0,0,0,0,0,1,0,0,0,0,0,0,0,0,0,0
58,0.8,17,1,0.6,0.506,2024-07-13,1,25.7,1.0,-0.7818314824680299,0.6234898018587334,0,1,0,0,1,0,0,0,0,0,0,0,1,0,0,1,0,0,0,0,0,0,0,0,0,0,0,0
59,0.0,6,8,0.534,0.547,2024-07-13,1,28.1,0.95,-0.7818314824680299,0.6234898018587334,1,0,0,0,0,0,0,1,0,0,1,0,0,0,0,0,0,0,0,1,0,0,0,0,0,0,0,0
60,0.0,-2,-11,0.488,0.435,2024-07-13,1,24.8,0.5128181818181818,-0.7818314824680299,0.6234898018587334,0,0,1,0,0,0,0,0,1,0,0,0,1,0,0,0,0,0,0,0,0,0,0,0,1,0,0,0
61,0.0,-9,4,0.446,0.523,2024-07-14,1,26.2,0.9230769230769231,-2.4492935982947064e-16,1.0,0,0,0,1,0,1,0,0,0,0,0,0,1,0,0,0,0,1,0,0,0,0,0,0,0,0,0,0
62,8.6,18,0,0.607,0.5,2024-07-14,1,24.6,0.7533658536585366,-2.4492935982947064e-16,1.0,0,1,0,0,1,0,0,0,0,0,0,0,0,1,0,1,0,0,0,0,0,0,0,0,0,0,0,0
63,0.4,7,7,0.54,0.541,2024-07-14,1,28.4,0.95,-2.4492935982947064e-16,1.0,1,0,0,0,0,0,0,1,0,0,0,1,0,0,0,0,0,0,0,1,0,0,0,0,0,0,0,0
64,17.0,-12,-5,0.43,0.471,2024-07-16,0,27.0,0.3441764705882353,0.9749279121818236,-0.22252093395631434,0,0,1,0,0,0,0,0,0,1,0,0,1,0,0,0,0,0,0,0,1,0,0,0,0,0,0,0
65,8.5,-9,7,0.439,0.533,2024-07-16,0,24.1,0.6500414937759336,0.9749279121818236,-0.22252093395631434,1,0,0,0,0,0,1,0,0,0,0,0,0,0,1,0,0,0,0,0,0,0,1,0,0,0,0,0
66,0.0,-1,-10,0.494,0.442,2024-07-17,0,26.6,0.31227272727272726,0.43388373911755823,-0.900968867902419,0,0,0,0,0,1,0,0,1,0,0,0,0,1,0,0,0,0,0,0,0,0,0,0,1,0,0,0
67,98.8,-13,-4,0.425,0.477,2024-07-17,0,25.4,0.29911764705882354,0.43388373911755823,-0.900968867902419,0,0,1,0,0,0,0,0,0,1,0,0,0,1,0,0,0,0,0,0,1,0,0,0,0,0,0,0
68,0.0,-10,6,0.446,0.527,2024-07-17,0,26.0,0.7762655601659751,0.43388373911755823,-0.900968867902419,1,0,0,0,0,0,1,0,0,0,0,0,0,1,0,0,0,0,0,0,0,0,1,0,0,0,0,0
69,98.8,7,0,0.533,0.506,2024-07-17,0,25.4,0.47092,0.43388373911755823,-0.900968867902419,0,1,0,1,0,0,0,0,0,0,0,0,0,1,0,0,0,0,0,1,0,0,0,0,0,0,0,0
70,3.9,17,8,0.598,0.545,2024-07-17,0,26.7,0.6782439024390244,0.43388373911755823,-0.900968867902419,0,0,0,0,1,0,0,1,0,0,0,0,0,1,0,1,0,0,0,0,0,0,0,0,0,0,0,0
71,2.9,0,-11,0.5,0.437,2024-07-18,0,26.9,0.3431818181818182,-0.433883739117558,-0.9009688679024191,0,0,0,0,0,1,0,0,1,0,0,0,0,1,0,0,0,0,0,0,0,0,0,0,1,0,0,0
72,128.8,-14,-3,0.42,0.483,2024-07-18,0,24.3,0.2964705882352941,-0.433883739117558,-0.9009688679024191,0,0,1,0,0,0,0,0,0,1,0,0,0,1,0,0,0,0,0,0,1,0,0,0,0,0,0,0
73,0.0,-9,5,0.452,0.522,2024-07-18,0,27.0,0.7553526970954357,-0.433883739117558,-0.9009688679024191,1,0,0,0,0,0,1,0,0,0,0,0,0,1,0,0,0,0,0,0,0,0,1,0,0,0,0,0
74,5.0,18,7,0.602,0.539,2024-07-18,0,26.4,0.5575121951219513,-0.433883739117558,-0.9009688679024191,0,0,0,0,1,0,0,1,0,0,0,0,0,1,0,1,0,0,0,0,0,0,0,0,0,0,0,0
75,1.4,-12,19,0.432,0.607,2024-07-19,0,25.1,0.9230769230769231,-0.9749279121818236,-0.2225209339563146,0,0,0,0,1,1,0,0,0,0,0,0,1,0,0,0,0,1,0,0,0,0,0,0,0,0,0,0
76,1.9,6,-9,0.533,0.447,2024-07-19,0,27.3,1.0,-0.9749279121818236,-0.2225209339563146,0,0,0,0,0,0,1,1,0,0,0,0,1,0,0,0,1,0,0,0,0,0,0,0,0,0,0,0
77,0.0,-2,1,0.489,0.506,2024-07-19,0,26.5,0.3825,-0.9749279121818236,-0.2225209339563146,0,0,0,0,0,0,0,0,1,1,0,0,1,0,0,0,0,0,0,0,0,1,0,0,0,0,0,0
78,0.1,7,5,0.538,0.527,2024-07-19,0,27.0,0.95,-0.9749279121818236,-0.2225209339563146,1,0,0,1,0,0,0,0,0,0,0,0,1,0,0,0,0,0,0,1,0,0,0,0,0,0,0,0
79,0.3,0,-15,0.5,0.416,2024-07-19,0,25.2,0.5528260869565217,-0.9749279121818236,-0.2225209339563146,0,1,1,0,0,0,0,0,0,0,0,0,1,0,0,0,0,0,0,0,0,0,0,1,0,0,0,0
80,15.2,-13,20,0.427,0.611,2024-07-20,1,26.0,0.9230769230769231,-0.7818314824680299,0.6234898018587334,0,0,0,0,1,1,0,0,0,0,0,0,1,0,0,0,0,1,0,0,0,0,0,0,0,0,0,0
81,22.7,6,-8,0.527,0.453,2024-07-20,1,26.9,1.0,-0.7818314824680299,0.6234898018587334,0,0,0,0,0,0,1,1,0,0,0,0,1,0,0,0,1,0,0,0,0,0,0,0,0,0,0,0
82,1.5,-14,21,0.422,0.615,2024-07-21,1,27.8,0.9230769230769231,-2.4492935982947064e-16,1.0,0,0,0,0,1,1,0,0,0,0,0,0,1,0,0,0,0,1,0,0,0,0,0,0,0,0,0,0
83,2.2,7,-9,0.533,0.448,2024-07-21,1,29.7,1.0,-2.4492935982947064e-16,1.0,0,0,0,0,0,0,1,1,0,0,0,1,0,0,0,0,1,0,0,0,0,0,0,0,0,0,0,0
84,0.2,-1,0,0.495,0.5,2024-07-21,1,27.1,0.4594,-2.4492935982947064e-16,1.0,0,0,0,0,0,0,0,0,1,1,0,0,0,1,0,0,0,0,0,0,0,1,0,0,0,0,0,0
85,8.5,8,4,0.543,0.521,2024-07-21,1,26.5,0.92844,-2.4492935982947064e-16,1.0,1,0,0,1,0,0,0,0,0,0,0,0,0,1,0,0,0,0,0,1,0,0,0,0,0,0,0,0
86,5.0,1,-16,0.505,0.411,2024-07-21,1,26.1,0.6682173913043479,-2.4492935982947064e-16,1.0,0,1,1,0,0,0,0,0,0,0,0,0,1,0,0,0,0,0,0,0,0,0,0,1,0,0,0,0
87,0.7,-10,9,0.443,0.548,2024-07-23,0,24.8,0.7836595744680851,0.9749279121818236,-0.22252093395631434,0,0,0,1,0,0,1,0,0,0,0,0,1,0,0,0,0,0,1,0,0,0,0,0,0,0,0,0
88,0.0,22,-1,0.62,0.506,2024-07-23,0,28.3,0.6710243902439025,0.9749279121818236,-0.22252093395631434,0,0,0,0,1,0,0,0,1,0,0,0,0,1,0,1,0,0,0,0,0,0,0,0,0,0,0,0
89,3.9,-12,7,0.418,0.538,2024-07-23,0,27.2,0.8846923076923077,0.9749279121818236,-0.22252093395631434,0,0,0,0,0,1,0,1,0,0,0,0,0,1,0,0,0,1,0,0,0,0,0,0,0,0,0,0
90,2.0,6,-15,0.516,0.418,2024-07-23,0,26.4,0.29168,0.9749279121818236,-0.22252093395631434,1,0,1,0,0,0,0,0,0,0,0,0,0,1,0,0,0,0,0,1,0,0,0,0,0,0,0,0
91,4.8,23,-1,0.624,0.5,2024-07-24,0,28.8,0.6491707317073171,0.43388373911755823,-0.900968867902419,0,0,0,0,1,0,0,0,1,0,0,1,0,0,0,1,0,0,0,0,0,0,0,0,0,0,0,0
92,3.0,-2,0,0.489,0.5,2024-07-24,0,27.5,0.32245,0.43388373911755823,-0.900968867902419,0,1,0,0,0,0,0,0,0,1,0,0,1,0,0,0,0,0,0,0,0,1,0,0,0,0,0,0
93,2.5,-13,6,0.424,0.532,2024-07-24,0,28.6,0.914,0.43388373911755823,-0.900968867902419,0,0,0,0,0,1,0,1,0,0,0,1,0,0,0,0,0,1,0,0,0,0,0,0,0,0,0,0
94,14.7,7,-16,0.521,0.413,2024-07-24,0,28.1,0.35548,0.43388373911755823,-0.900968867902419,1,0,1,0,0,0,0,0,0,0,0,0,1,0,0,0,0,0,0,1,0,0,0,0,0,0,0,0
95,1.5,-11,10,0.438,0.553,2024-07-25,0,28.2,0.8647659574468085,-0.433883739117558,-0.9009688679024191,0,0,0,1,0,0,1,0,0,0,0,0,1,0,0,0,0,0,1,0,0,0,0,0,0,0,0,0
96,0.2,24,-2,0.628,0.495,2024-07-25,0,29.2,0.6892682926829268,-0.433883739117558,-0.9009688679024191,0,0,0,0,1,0,0,0,1,0,0,1,0,0,0,1,0,0,0,0,0,0,0,0,0,0,0,0
97,2.2,-1,1,0.495,0.495,2024-07-25,0,28.8,0.35335,-0.433883739117558,-0.9009688679024191,0,1,0,0,0,0,0,0,0,1,0,0,1,0,0,0,0,0,0,0,0,1,0,0,0,0,0,0
98,25.3,7,-17,0.526,0.409,2024-07-25,0,28.8,0.7658,-0.433883739117558,-0.9009688679024191,1,0,1,0,0,0,0,0,0,0,0,0,0,1,0,0,0,0,0,1,0,0,0,0,0,0,0,0
99,5.5,-16,24,0.415,0.621,2024-07-26,0,28.7,0.9411764705882353,-0.9749279121818236,-0.2225209339563146,0,0,1,0,1,0,0,0,0,0,0,0,1,0,0,0,0,0,0,0,1,0,0,0,0,0,0,0
100,0.0,5,-1,0.526,0.5,2024-07-26,0,29.7,0.912125,-0.9749279121818236,-0.2225209339563146,0,0,0,0,0,0,0,1,0,1,0,0,1,0,0,0,1,0,0,0,0,0,0,0,0,0,0,0
101,0.1,5,-12,0.5,0.433,2024-07-26,0,28.4,0.8132272727272727,-0.9749279121818236,-0.2225209339563146,0,0,0,0,0,0,1,0,1,0,0,0,1,0,0,0,0,0,0,0,0,0,0,0,1,0,0,0
102,4.0,-2,4,0.489,0.52,2024-07-26,0,28.8,0.6524347826086957,-0.9749279121818236,-0.2225209339563146,1,1,0,0,0,0,0,0,0,0,0,0,1,0,0,0,0,0,0,0,0,0,0,1,0,0,0,0
103,33.5,-19,22,0.421,0.615,2024-07-27,1,28.8,0.9411764705882353,-0.7818314824680299,0.6234898018587334,0,0,1,0,1,0,0,0,0,0,0,0,1,0,0,0,0,0,0,0,1,0,0,0,0,0,0,0
104,0.0,2,-1,0.521,0.505,2024-07-27,1,29.5,1.0,-0.7818314824680299,0.6234898018587334,0,0,0,0,0,0,0,1,0,1,0,0,1,0,0,0,1,0,0,0,0,0,0,0,0,0,0,0
105,1.3,8,-7,0.505,0.429,2024-07-27,1,28.9,0.8132272727272727,-0.7818314824680299,0.6234898018587334,0,0,0,0,0,0,1,0,1,0,0,0,1,0,0,0,0,0,0,0,0,0,0,0,1,0,0,0
106,0.0,-4,0,0.495,0.515,2024-07-27,1,29.3,0.8455652173913043,-0.7818314824680299,0.6234898018587334,1,1,0,0,0,0,0,0,0,0,0,0,1,0,0,0,0,0,0,0,0,0,0,1,0,0,0,0
107,0.0,13,-13,0.558,0.43,2024-07-28,1,29.2,0.95,-2.4492935982947064e-16,1.0,0,0,0,1,0,1,0,0,0,0,0,0,1,0,0,0,0,0,0,1,0,0,0,0,0,0,0,0
108,0.0,-18,21,0.427,0.608,2024-07-28,1,29.2,0.9411764705882353,-2.4492935982947064e-16,1.0,0,0,1,0,1,0,0,0,0,0,0,0,1,0,0,0,0,0,0,0,1,0,0,0,0,0,0,0
109,0.0,3,0,0.526,0.5,2024-07-28,1,30.5,0.9626666666666667,-2.4492935982947064e-16,1.0,0,0,0,0,0,0,0,1,0,1,0,1,0,0,0,0,1,0,0,0,0,0,0,0,0,0,0,0
110,0.0,7,-12,0.5,0.435,2024-07-28,1,30.0,0.8132272727272727,-2.4492935982947064e-16,1.0,0,0,0,0,0,0,1,0,1,0,0,0,1,0,0,0,0,0,0,0,0,0,0,0,1,0,0,0
111,0.0,0,-3,0.5,0.51,2024-07-28,1,28.9,0.7660434782608696,-2.4492935982947064e-16,1.0,1,1,0,0,0,0,0,0,0,0,0,0,1,0,0,0,0,0,0,0,0,0,0,1,0,0,0,0
112,0.0,8,-13,0.505,0.436,2024-07-30,0,28.0,0.7105,0.9749279121818236,-0.22252093395631434,0,0,0,0,0,1,0,0,0,1,0,0,1,0,0,0,0,0,0,0,0,1,0,0,0,0,0,0
113,0.0,8,-10,0.505,0.441,2024-07-30,0,27.0,0.7630434782608696,0.9749279121818236,-0.22252093395631434,0,1,0,0,0,0,1,0,0,0,0,0,1,0,0,0,0,0,0,0,0,0,0,1,0,0,0,0
114,0.0,-16,5,0.423,0.495,2024-07-30,0,28.6,0.4073529411764706,0.9749279121818236,-0.22252093395631434,0,0,1,0,0,0,0,0,1,0,0,0,1,0,0,0,0,0,0,0,1,0,0,0,0,0,0,0
115,0.0,21,-18,0.612,0.505,2024-07-30,0,28.9,1.0,0.9749279121818236,-0.22252093395631434,1,0,0,0,1,0,0,0,0,0,0,1,0,0,0,1,0,0,0,0,0,0,0,0,0,0,0,0
116,0.0,2,3,0.552,0.52,2024-07-30,0,28.6,0.91784,0.9749279121818236,-0.22252093395631434,0,0,0,1,0,0,0,1,0,0,0,0,1,0,0,0,0,0,0,1,0,0,0,0,0,0,0,0
117,0.0,7,-11,0.5,0.442,2024-07-31,0,28.8,0.7494,0.43388373911755823,-0.900968867902419,0,0,0,0,0,1,0,0,0,1,0,0,1,0,0,0,0,0,0,0,0,1,0,0,0,0,0,0
118,0.0,9,-12,0.51,0.436,2024-07-31,0,28.3,0.7636086956521739,0.43388373911755823,-0.900968867902419,0,1,0,0,0,0,1,0,0,0,0,0,1,0,0,0,0,0,0,0,0,0,0,1,0,0,0,0
119,0.0,4,-4,0.429,0.49,2024-07-31,0,29.4,0.40694117647058825,0.43388373911755823,-0.900968867902419,0,0,1,0,0,0,0,0,1,0,0,0,1,0,0,0,0,0,0,0,1,0,0,0,0,0,0,0
120,0.0,11,-10,0.606,0.51,2024-07-31,0,29.4,0.9118536585365854,0.43388373911755823,-0.900968867902419,1,0,0,0,1,0,0,0,0,0,0,1,0,0,0,1,0,0,0,0,0,0,0,0,0,0,0,0
121,0.0,1,-1,0.546,0.525,2024-07-31,0,29.4,0.93636,0.43388373911755823,-0.900968867902419,0,0,0,1,0,0,0,1,0,0,0,0,1,0,0,0,0,0,0,1,0,0,0,0,0,0,0,0
122,0.0,7,-11,0.495,0.448,2024-08-01,0,29.3,0.75985,-0.433883739117558,-0.9009688679024191,0,0,0,0,0,1,0,0,0,1,0,0,1,0,0,0,0,0,0,0,0,1,0,0,0,0,0,0
123,0.0,10,-12,0.515,0.432,2024-08-01,0,28.7,0.8186086956521739,-0.433883739117558,-0.9009688679024191,0,1,0,0,0,0,1,0,0,0,0,0,1,0,0,0,0,0,0,0,0,0,0,1,0,0,0,0
124,0.3,4,-2,0.424,0.495,2024-08-01,0,29.9,0.42976470588235294,-0.433883739117558,-0.9009688679024191,0,0,1,0,0,0,0,0,1,0,0,0,1,0,0,0,0,0,0,0,1,0,0,0,0,0,0,0
125,0.0,12,-8,0.6,0.515,2024-08-01,0,29.6,1.0,-0.433883739117558,-0.9009688679024191,1,0,0,0,1,0,0,0,0,0,0,0,1,0,0,1,0,0,0,0,0,0,0,0,0,0,0,0
126,0.3,5,-4,0.551,0.52,2024-08-01,0,29.9,0.9326,-0.433883739117558,-0.9009688679024191,0,0,0,1,0,0,0,1,0,0,0,0,1,0,0,0,0,0,0,1,0,0,0,0,0,0,0,0
127,0.0,7,-9,0.454,0.594,2024-08-02,0,30.3,0.9230769230769231,-0.9749279121818236,-0.2225209339563146,0,0,0,0,1,1,0,0,0,0,0,1,0,0,0,0,0,1,0,0,0,0,0,0,0,0,0,0
128,0.0,-1,3,0.49,0.49,2024-08-02,0,30.7,0.4475,-0.9749279121818236,-0.2225209339563146,0,0,0,0,0,0,0,0,1,1,1,0,0,0,0,0,0,0,0,0,0,0,0,0,1,0,0,0
129,2.4,10,-8,0.525,0.51,2024-08-02,0,31.5,0.9306666666666666,-0.9749279121818236,-0.2225209339563146,0,1,0,0,0,0,0,1,0,0,0,1,0,0,0,0,1,0,0,0,0,0,0,0,0,0,0,0
130,0.0,11,-6,0.519,0.43,2024-08-02,0,29.6,0.52836,-0.9749279121818236,-0.2225209339563146,1,0,1,0,0,0,0,0,0,0,0,0,1,0,0,0,0,0,0,1,0,0,0,0,0,0,0,0
131,0.0,7,-10,0.459,0.588,2024-08-03,1,30.7,0.9230769230769231,-0.7818314824680299,0.6234898018587334,0,0,0,0,1,1,0,0,0,0,0,1,0,0,0,0,0,1,0,0,0,0,0,0,0,0,0,0
132,0.0,3,-4,0.438,0.545,2024-08-03,1,30.9,0.8227385892116182,-0.7818314824680299,0.6234898018587334,0,0,0,1,0,0,1,0,0,0,1,0,0,0,0,0,0,0,0,0,0,0,1,0,0,0,0,0
133,0.0,6,-7,0.529,0.505,2024-08-03,1,32.0,1.0,-0.7818314824680299,0.6234898018587334,0,1,0,0,0,0,0,1,0,0,1,0,0,0,0,0,1,0,0,0,0,0,0,0,0,0,0,0
134,0.0,3,-8,0.514,0.436,2024-08-03,1,30.2,0.62108,-0.7818314824680299,0.6234898018587334,1,0,1,0,0,0,0,0,0,0,0,1,0,0,0,0,0,0,0,1,0,0,0,0,0,0,0,0
135,0.0,3,-2,0.485,0.495,2024-08-04,1,29.9,0.4349090909090909,-2.4492935982947064e-16,1.0,0,0,0,0,0,0,0,0,1,1,0,1,0,0,0,0,0,0,0,0,0,0,0,0,1,0,0,0
136,0.0,4,-3,0.534,0.5,2024-08-04,1,29.8,0.8506666666666667,-2.4492935982947064e-16,1.0,0,1,0,0,0,0,0,1,0,0,0,1,0,0,0,0,1,0,0,0,0,0,0,0,0,0,0,0
137,0.0,8,-9,0.538,0.455,2024-08-06,0,29.2,0.678625,0.9749279121818236,-0.22252093395631434,0,0,0,0,0,1,0,1,0,0,0,1,0,0,0,0,1,0,0,0,0,0,0,0,0,0,0,0
138,0.0,19,-2,0.596,0.485,2024-08-06,0,28.6,0.7052195121951219,0.9749279121818236,-0.22252093395631434,0,0,0,0,1,0,0,0,0,1,0,1,0,0,0,1,0,0,0,0,0,0,0,0,0,0,0,0
139,0.0,2,8,0.509,0.54,2024-08-06,0,29.5,0.6826,0.9749279121818236,-0.22252093395631434,1,0,0,1,0,0,0,0,0,0,0,1,0,0,0,0,0,0,0,1,0,0,0,0,0,0,0,0
140,0.3,-11,-2,0.443,0.49,2024-08-06,0,29.4,0.7262978723404255,0.9749279121818236,-0.22252093395631434,0,0,0,0,0,0,1,0,1,0,0,0,1,0,0,0,0,0,1,0,0,0,0,0,0,0,0,0
141,0.0,-12,-1,0.441,0.5,2024-08-06,0,29.5,0.4915294117647059,0.9749279121818236,-0.22252093395631434,0,1,1,0,0,0,0,0,0,0,0,1,0,0,0,0,0,0,0,0,1,0,0,0,0,0,0,0
142,0.0,7,-8,0.533,0.46,2024-08-07,0,31.0,0.7130833333333333,0.43388373911755823,-0.900968867902419,0,0,0,0,0,1,0,1,0,0,0,1,0,0,0,0,1,0,0,0,0,0,0,0,0,0,0,0
143,0.0,19,-3,0.596,0.485,2024-08-07,0,29.7,0.5670731707317073,0.43388373911755823,-0.900968867902419,0,0,0,0,1,0,0,0,0,1,0,1,0,0,0,1,0,0,0,0,0,0,0,0,0,0,0,0
144,3.4,3,7,0.514,0.535,2024-08-07,0,29.6,0.63532,0.43388373911755823,-0.900968867902419,1,0,0,1,0,0,0,0,0,0,0,1,0,0,0,0,0,0,0,1,0,0,0,0,0,0,0,0
145,1.2,-10,-3,0.449,0.485,2024-08-07,0,29.4,0.7840425531914894,0.43388373911755823,-0.900968867902419,0,0,0,0,0,0,1,0,1,0,1,0,0,0,0,0,0,0,1,0,0,0,0,0,0,0,0,0
146,3.4,-13,0,0.437,0.5,2024-08-07,0,29.6,0.4583529411764706,0.43388373911755823,-0.900968867902419,0,1,1,0,0,0,0,0,0,0,0,1,0,0,0,0,0,0,0,0,1,0,0,0,0,0,0,0
147,58.0,8,-9,0.538,0.455,2024-08-08,0,28.5,0.7652916666666667,-0.433883739117558,-0.9009688679024191,0,0,0,0,0,1,0,1,0,0,0,0,1,0,0,0,1,0,0,0,0,0,0,0,0,0,0,0
148,2.1,19,-2,0.59,0.49,2024-08-08,0,28.6,0.5371219512195122,-0.433883739117558,-0.9009688679024191,0,0,0,0,1,0,0,0,0,1,0,0,1,0,0,1,0,0,0,0,0,0,0,0,0,0,0,0
149,0.0,4,6,0.519,0.529,2024-08-08,0,28.5,0.65284,-0.433883739117558,-0.9009688679024191,1,0,0,1,0,0,0,0,0,0,0,0,1,0,0,0,0,0,0,1,0,0,0,0,0,0,0,0
150,0.0,-14,5,0.433,0.505,2024-08-08,0,28.5,0.47058823529411764,-0.433883739117558,-0.9009688679024191,0,1,1,0,0,0,0,0,0,0,0,0,1,0,0,0,0,0,0,0,1,0,0,0,0,0,0,0
151,0.0,-1,-9,0.495,0.455,2024-08-09,0,27.8,0.5767,-0.9749279121818236,-0.2225209339563146,0,0,0,0,0,0,1,0,0,1,0,1,0,0,0,0,0,0,0,0,0,1,0,0,0,0,0,0
152,0.0,6,-4,0.534,0.48,2024-08-09,0,29.3,0.56524,-0.9749279121818236,-0.2225209339563146,0,0,0,1,0,0,0,0,1,0,0,1,0,0,0,0,0,0,0,1,0,0,0,0,0,0,0,0
153,0.0,0,3,0.5,0.514,2024-08-09,0,28.2,0.5413478260869565,-0.9749279121818236,-0.2225209339563146,1,1,0,0,0,0,0,0,0,0,1,0,0,0,0,0,0,0,0,0,0,0,0,1,0,0,0,0
154,0.0,18,7,0.585,0.533,2024-08-09,0,28.5,0.8999024390243903,-0.9749279121818236,-0.2225209339563146,0,0,0,0,1,0,0,1,0,0,0,1,0,0,0,1,0,0,0,0,0,0,0,0,0,0,0,0
155,0.0,20,-13,0.461,0.438,2024-08-09,0,28.4,0.8693846153846154,-0.9749279121818236,-0.2225209339563146,0,0,1,0,0,1,0,0,0,0,0,1,0,0,0,0,0,1,0,0,0,0,0,0,0,0,0,0
156,0.0,0,-10,0.5,0.45,2024-08-10,1,28.9,0.935,-0.7818314824680299,0.6234898018587334,0,0,0,0,0,0,1,0,0,1,0,1,0,0,0,0,0,0,0,0,0,1,0,0,0,0,0,0
157,0.0,8,-5,0.538,0.476,2024-08-10,1,30.0,0.76604,-0.7818314824680299,0.6234898018587334,0,0,0,1,0,0,0,0,1,0,0,0,1,0,0,0,0,0,0,1,0,0,0,0,0,0,0,0
158,0.0,0,4,0.495,0.518,2024-08-10,1,29.0,0.8606956521739131,-0.7818314824680299,0.6234898018587334,1,1,0,0,0,0,0,0,0,0,0,1,0,0,0,0,0,0,0,0,0,0,0,1,0,0,0,0
159,0.0,21,-14,0.466,0.434,2024-08-10,1,28.7,0.9230769230769231,-0.7818314824680299,0.6234898018587334,0,0,1,0,0,1,0,0,0,0,0,1,0,0,0,0,0,1,0,0,0,0,0,0,0,0,0,0
160,0.0,-1,-8,0.495,0.455,2024-08-11,1,29.6,0.69025,-2.4492935982947064e-16,1.0,0,0,0,0,0,0,1,0,0,1,0,1,0,0,0,0,0,0,0,0,0,1,0,0,0,0,0,0
161,0.0,9,-6,0.543,0.471,2024-08-11,1,30.8,0.75608,-2.4492935982947064e-16,1.0,0,0,0,1,0,0,0,0,1,0,0,0,1,0,0,0,0,0,0,1,0,0,0,0,0,0,0,0
162,0.0,-2,5,0.491,0.523,2024-08-11,1,30.0,0.7022173913043478,-2.4492935982947064e-16,1.0,1,1,0,0,0,0,0,0,0,0,0,0,1,0,0,0,0,0,0,0,0,0,0,1,0,0,0,0
163,0.0,19,-1,0.589,0.528,2024-08-11,1,28.8,1.0,-2.4492935982947064e-16,1.0,0,0,0,0,1,0,0,1,0,0,1,0,0,0,0,1,0,0,0,0,0,0,0,0,0,0,0,0
164,0.0,-8,-13,0.462,0.439,2024-08-11,1,29.6,0.9230769230769231,-2.4492935982947064e-16,1.0,0,0,1,0,0,1,0,0,0,0,0,1,0,0,0,0,0,1,0,0,0,0,0,0,0,0,0,0
